ELA 21-22 Level,ELA 21-22 Pass,DaysAbsent,ELL,EconomicallyDisadvantaged,Ethnicity,GTID,Gender,Gifted,Grade,LastLexileScore,SST,SWD,ELA 21-22 Scale Score
Developing Learner,1,2,N,Y,"WHITE, NOT OF HISPANIC ORIGIN",1036316432,FEMALE,N,8,1155,Y,N,516
Proficient Learner,1,18,N,N,"WHITE, NOT OF HISPANIC ORIGIN",1046045654,MALE,N,8,1190,N,N,528
Proficient Learner,1,9,N,N,"WHITE, NOT OF HISPANIC ORIGIN",1046053196,FEMALE,N,8,1220,N,N,571
Beginning Learner,0,40,N,Y,"WHITE, NOT OF HISPANIC ORIGIN",1068291966,MALE,N,8,885,N,N,453
Proficient Learner,1,6,N,N,"WHITE, NOT OF HISPANIC ORIGIN",1068489243,MALE,N,8,1380,N,N,556
Developing Learner,1,19,N,N,"WHITE, NOT OF HISPANIC ORIGIN",1139547526,MALE,N,8,930,Y,N,479
Developing Learner,1,15,N,N,"WHITE, NOT OF HISPANIC ORIGIN",1247971546,MALE,N,8,1015,Y,N,483
Proficient Learner,1,28,N,Y,"WHITE, NOT OF HISPANIC ORIGIN",1258969653,FEMALE,N,8,1205,N,N,534
Beginning Learner,0,1,N,N,"WHITE, NOT OF HISPANIC ORIGIN",1330688392,MALE,N,8,955,N,Y,464
Developing Learner,1,15,N,N,"WHITE, NOT OF HISPANIC ORIGIN",1365969481,FEMALE,N,8,1180,N,N,521
Proficient Learner,1,10,N,Y,"WHITE, NOT OF HISPANIC ORIGIN",1370813653,FEMALE,N,8,1305,N,N,552
Proficient Learner,1,3,N,N,"WHITE, NOT OF HISPANIC ORIGIN",1451273487,MALE,N,8,1245,N,N,534
Beginning Learner,0,8,N,Y,HISPANIC,1480291574,MALE,N,8,875,N,N,444
Proficient Learner,1,24,N,N,"WHITE, NOT OF HISPANIC ORIGIN",1541686391,FEMALE,N,8,1215,N,N,556
Beginning Learner,0,12,N,Y,"WHITE, NOT OF HISPANIC ORIGIN",1545346089,FEMALE,N,8,930,Y,N,466
Developing Learner,1,7,N,N,"WHITE, NOT OF HISPANIC ORIGIN",1688696598,FEMALE,N,8,1030,Y,N,485
Distinguished Learner,1,3,N,N,"WHITE, NOT OF HISPANIC ORIGIN",1742161464,FEMALE,Y,8,1665,N,N,617
Proficient Learner,1,24,N,N,"WHITE, NOT OF HISPANIC ORIGIN",1772378891,FEMALE,N,8,1175,N,N,534
Developing Learner,1,11,N,Y,"WHITE, NOT OF HISPANIC ORIGIN",1796410381,FEMALE,N,8,985,N,N,500
Developing Learner,1,6,N,Y,"WHITE, NOT OF HISPANIC ORIGIN",1802088677,FEMALE,N,8,1130,Y,N,514
Distinguished Learner,1,4,N,N,"WHITE, NOT OF HISPANIC ORIGIN",1823659274,FEMALE,Y,8,1595,N,N,648
Beginning Learner,0,18,N,Y,"WHITE, NOT OF HISPANIC ORIGIN",1835061885,MALE,N,8,815,Y,N,454
Proficient Learner,1,15,N,N,"WHITE, NOT OF HISPANIC ORIGIN",1849864197,FEMALE,N,8,1260,N,N,557
Distinguished Learner,1,7,N,Y,"WHITE, NOT OF HISPANIC ORIGIN",1849866317,MALE,N,8,1595,N,N,601
Developing Learner,1,21,N,Y,"WHITE, NOT OF HISPANIC ORIGIN",1849868557,FEMALE,N,8,1205,N,N,506
Developing Learner,1,5,N,N,"WHITE, NOT OF HISPANIC ORIGIN",1849945617,MALE,N,8,1130,N,N,502
Beginning Learner,0,24,N,N,HISPANIC,1849961503,FEMALE,N,8,795,Y,N,409
Developing Learner,1,7,N,Y,"WHITE, NOT OF HISPANIC ORIGIN",1849973905,MALE,N,8,1055,Y,N,495
Proficient Learner,1,13,N,N,"WHITE, NOT OF HISPANIC ORIGIN",1853007706,FEMALE,N,8,1130,N,N,532
Proficient Learner,1,18,N,N,"WHITE, NOT OF HISPANIC ORIGIN",1910640536,FEMALE,Y,8,1430,N,N,590
Developing Learner,1,4,N,Y,"WHITE, NOT OF HISPANIC ORIGIN",1976174619,FEMALE,N,8,1155,N,Y,488
Proficient Learner,1,13,N,N,AMERICAN INDIAN OR ALASKA NATIVE,2020221125,FEMALE,N,8,1190,N,N,528
Developing Learner,1,10,N,Y,"WHITE, NOT OF HISPANIC ORIGIN",2025980183,MALE,N,8,1245,Y,N,513
Developing Learner,1,25,N,N,"WHITE, NOT OF HISPANIC ORIGIN",2105278442,FEMALE,N,8,1010,N,N,498
Proficient Learner,1,8,N,Y,"WHITE, NOT OF HISPANIC ORIGIN",2197854003,FEMALE,N,8,1205,N,N,534
Proficient Learner,1,2,N,N,"WHITE, NOT OF HISPANIC ORIGIN",2200459411,MALE,N,8,1250,N,N,531
Developing Learner,1,15,Y,Y,HISPANIC,2212202257,MALE,N,8,1040,N,N,487
Developing Learner,1,34,N,N,"WHITE, NOT OF HISPANIC ORIGIN",2239319828,MALE,N,8,960,N,N,488
Proficient Learner,1,12,N,N,"WHITE, NOT OF HISPANIC ORIGIN",2278771239,FEMALE,N,8,1250,N,N,531
Developing Learner,1,8,N,N,"WHITE, NOT OF HISPANIC ORIGIN",2280028069,MALE,Y,8,1225,N,N,524
Developing Learner,1,25,N,Y,"WHITE, NOT OF HISPANIC ORIGIN",2286116954,MALE,N,8,1250,N,N,517
Distinguished Learner,1,4,N,N,"WHITE, NOT OF HISPANIC ORIGIN",2320538429,FEMALE,Y,8,1505,N,N,653
Distinguished Learner,1,6,N,N,"WHITE, NOT OF HISPANIC ORIGIN",2327900832,FEMALE,Y,8,1440,N,N,606
Distinguished Learner,1,3,N,N,Two Or More Races,2329720998,FEMALE,Y,8,1665,N,N,587
Beginning Learner,0,2,Y,Y,HISPANIC,2338754425,FEMALE,N,8,760,N,N,446
Developing Learner,1,10,N,N,"WHITE, NOT OF HISPANIC ORIGIN",2366925751,MALE,N,8,1055,N,N,505
Proficient Learner,1,45,N,N,"WHITE, NOT OF HISPANIC ORIGIN",2441099035,MALE,N,8,1375,N,N,549
Proficient Learner,1,17,N,N,"WHITE, NOT OF HISPANIC ORIGIN",2459182627,FEMALE,N,8,1205,N,N,560
Proficient Learner,1,10,N,N,"WHITE, NOT OF HISPANIC ORIGIN",2469523464,FEMALE,Y,8,1380,N,N,582
Distinguished Learner,1,8,N,N,"WHITE, NOT OF HISPANIC ORIGIN",2495626556,FEMALE,Y,8,1505,N,N,593
Developing Learner,1,27,N,N,"WHITE, NOT OF HISPANIC ORIGIN",2510907069,FEMALE,N,8,965,Y,N,492
Proficient Learner,1,10,N,Y,"WHITE, NOT OF HISPANIC ORIGIN",2649582812,MALE,Y,8,1220,N,N,527
Proficient Learner,1,7,N,N,"WHITE, NOT OF HISPANIC ORIGIN",2677117509,FEMALE,N,8,1155,N,N,528
Developing Learner,1,2,N,Y,"WHITE, NOT OF HISPANIC ORIGIN",2705277097,MALE,N,8,990,N,N,492
Distinguished Learner,1,20,N,N,"WHITE, NOT OF HISPANIC ORIGIN",2755004789,MALE,Y,8,1500,N,N,593
Beginning Learner,0,2,N,N,TWO OR MORE RACES,2783072416,FEMALE,N,8,815,N,N,454
Developing Learner,1,12,N,N,"WHITE, NOT OF HISPANIC ORIGIN",2849604224,MALE,N,8,935,Y,N,485
Proficient Learner,1,3,N,N,TWO OR MORE RACES,2869802418,MALE,N,8,1330,N,N,578
Developing Learner,1,5,N,Y,"WHITE, NOT OF HISPANIC ORIGIN",2933271931,MALE,N,8,1040,N,N,506
Developing Learner,1,19,N,N,"WHITE, NOT OF HISPANIC ORIGIN",2937979521,FEMALE,N,8,1055,N,N,498
Developing Learner,1,29,N,Y,"WHITE, NOT OF HISPANIC ORIGIN",2952860911,MALE,N,8,1130,N,N,496
Proficient Learner,1,1,N,N,"WHITE, NOT OF HISPANIC ORIGIN",2992781183,FEMALE,N,8,1180,N,N,556
Proficient Learner,1,11,N,N,"WHITE, NOT OF HISPANIC ORIGIN",3029704149,FEMALE,N,8,1245,N,N,544
Developing Learner,1,18,N,Y,"WHITE, NOT OF HISPANIC ORIGIN",3182708774,MALE,N,8,1130,N,N,523
Developing Learner,1,15,N,N,"WHITE, NOT OF HISPANIC ORIGIN",3226291297,MALE,N,8,960,Y,N,495
Distinguished Learner,1,6,N,N,"WHITE, NOT OF HISPANIC ORIGIN",3285644532,FEMALE,N,8,1520,N,N,596
Proficient Learner,1,20,N,N,"WHITE, NOT OF HISPANIC ORIGIN",3298122424,MALE,N,8,1325,N,N,560
Proficient Learner,1,9,N,Y,HISPANIC,3304294171,MALE,Y,8,1130,N,N,528
Proficient Learner,1,17,N,N,"WHITE, NOT OF HISPANIC ORIGIN",3346697509,MALE,N,8,1440,N,N,560
Distinguished Learner,1,2,N,N,"WHITE, NOT OF HISPANIC ORIGIN",3391863801,FEMALE,Y,8,1500,N,N,607
Developing Learner,1,11,N,N,"WHITE, NOT OF HISPANIC ORIGIN",3414599783,MALE,N,8,1020,N,N,488
Proficient Learner,1,1,N,N,"WHITE, NOT OF HISPANIC ORIGIN",3445979871,MALE,Y,8,1355,N,N,563
Developing Learner,1,2,N,N,"WHITE, NOT OF HISPANIC ORIGIN",3457324647,MALE,N,8,1215,N,N,517
Proficient Learner,1,10,N,Y,"WHITE, NOT OF HISPANIC ORIGIN",3507236362,FEMALE,N,8,1225,N,N,541
Developing Learner,1,6,N,N,"WHITE, NOT OF HISPANIC ORIGIN",3509002156,MALE,N,8,1180,N,N,512
Proficient Learner,1,3,N,Y,"WHITE, NOT OF HISPANIC ORIGIN",3591664294,FEMALE,N,8,1150,N,N,546
Proficient Learner,1,38,N,N,"WHITE, NOT OF HISPANIC ORIGIN",3621808655,MALE,Y,8,1225,N,N,532
Developing Learner,1,4,N,N,"WHITE, NOT OF HISPANIC ORIGIN",3680991545,FEMALE,N,8,1070,Y,N,500
Distinguished Learner,1,38,N,N,"WHITE, NOT OF HISPANIC ORIGIN",3788272856,FEMALE,Y,8,1665,N,N,617
Developing Learner,1,15,N,N,HISPANIC,3791798975,FEMALE,N,8,1105,N,N,495
Proficient Learner,1,7,N,N,"WHITE, NOT OF HISPANIC ORIGIN",3840889424,FEMALE,N,8,1285,N,N,551
Developing Learner,1,6,N,N,"WHITE, NOT OF HISPANIC ORIGIN",3877167705,FEMALE,N,8,1130,N,N,520
Developing Learner,1,1,N,Y,"WHITE, NOT OF HISPANIC ORIGIN",3928617435,MALE,N,8,1040,Y,N,484
Distinguished Learner,1,4,N,N,"WHITE, NOT OF HISPANIC ORIGIN",3970407805,MALE,Y,8,1600,N,N,611
Proficient Learner,1,31,N,N,"WHITE, NOT OF HISPANIC ORIGIN",3985307768,FEMALE,N,8,1225,N,N,552
Distinguished Learner,1,38,N,Y,"WHITE, NOT OF HISPANIC ORIGIN",3994148599,FEMALE,N,8,1505,N,N,585
Proficient Learner,1,10,N,N,"WHITE, NOT OF HISPANIC ORIGIN",3998976221,MALE,N,8,1245,N,N,544
Beginning Learner,0,26,N,Y,"WHITE, NOT OF HISPANIC ORIGIN",4006488734,MALE,N,8,855,Y,N,462
Proficient Learner,1,7,N,N,ASIAN,4017143776,MALE,N,8,1205,N,N,534
Distinguished Learner,1,2,N,N,"WHITE, NOT OF HISPANIC ORIGIN",4021138455,FEMALE,N,8,1500,N,N,621
Proficient Learner,1,16,N,Y,"WHITE, NOT OF HISPANIC ORIGIN",4061391879,FEMALE,N,8,1070,N,N,526
Beginning Learner,0,7,N,N,"WHITE, NOT OF HISPANIC ORIGIN",4100537484,MALE,N,8,960,Y,N,471
Developing Learner,1,8,N,N,"WHITE, NOT OF HISPANIC ORIGIN",4173123116,FEMALE,N,8,1065,N,N,502
Developing Learner,1,14,N,N,"WHITE, NOT OF HISPANIC ORIGIN",4214331311,MALE,N,8,915,Y,N,484
Developing Learner,1,3,N,N,"WHITE, NOT OF HISPANIC ORIGIN",4231309264,MALE,Y,8,1030,N,N,502
Developing Learner,1,7,N,Y,"WHITE, NOT OF HISPANIC ORIGIN",4260549048,MALE,N,8,980,N,Y,488
Proficient Learner,1,14,N,N,"WHITE, NOT OF HISPANIC ORIGIN",4271202614,FEMALE,N,8,1245,Y,N,526
Proficient Learner,1,9,N,Y,"WHITE, NOT OF HISPANIC ORIGIN",4301512802,MALE,N,8,1330,N,N,540
Proficient Learner,1,27,N,N,"WHITE, NOT OF HISPANIC ORIGIN",4303987406,MALE,Y,8,1290,N,N,542
Beginning Learner,0,10,N,Y,"WHITE, NOT OF HISPANIC ORIGIN",4344147049,MALE,N,8,960,Y,N,470
Proficient Learner,1,28,N,Y,"WHITE, NOT OF HISPANIC ORIGIN",4353463388,FEMALE,N,8,1435,N,N,585
Developing Learner,1,9,N,N,"WHITE, NOT OF HISPANIC ORIGIN",4369163722,MALE,N,8,1150,N,N,521
Developing Learner,1,9,N,N,"WHITE, NOT OF HISPANIC ORIGIN",4384287518,MALE,N,8,1080,N,N,491
Developing Learner,1,8,N,N,"WHITE, NOT OF HISPANIC ORIGIN",4430016828,FEMALE,N,8,1070,N,N,500
Proficient Learner,1,13,N,Y,"WHITE, NOT OF HISPANIC ORIGIN",4430707065,FEMALE,N,8,1180,N,N,540
Proficient Learner,1,19,N,Y,HISPANIC,4630677399,MALE,N,8,1375,N,N,580
Proficient Learner,1,0,N,N,Two Or More Races,4684970582,FEMALE,Y,8,1355,N,N,577
Distinguished Learner,1,4,N,N,"WHITE, NOT OF HISPANIC ORIGIN",4763599206,FEMALE,Y,8,1500,N,N,634
Proficient Learner,1,6,N,N,"WHITE, NOT OF HISPANIC ORIGIN",4809015998,FEMALE,N,8,1305,N,N,563
Proficient Learner,1,4,N,N,"WHITE, NOT OF HISPANIC ORIGIN",4834717977,MALE,Y,8,1500,N,N,578
Developing Learner,1,1,N,N,"WHITE, NOT OF HISPANIC ORIGIN",4834745813,MALE,N,8,1115,N,N,513
Proficient Learner,1,2,N,N,"WHITE, NOT OF HISPANIC ORIGIN",4835821734,MALE,Y,8,1500,N,N,582
Developing Learner,1,9,N,N,HISPANIC,4835977085,MALE,Y,8,1225,N,N,524
Proficient Learner,1,9,N,N,"WHITE, NOT OF HISPANIC ORIGIN",4836046637,MALE,N,8,1305,N,N,557
Developing Learner,1,3,N,Y,"WHITE, NOT OF HISPANIC ORIGIN",4967050832,FEMALE,N,8,1070,N,N,514
Developing Learner,1,7,N,N,"WHITE, NOT OF HISPANIC ORIGIN",4988230988,MALE,N,8,1015,N,N,479
Proficient Learner,1,0,N,Y,"WHITE, NOT OF HISPANIC ORIGIN",5006151913,FEMALE,Y,8,1225,N,N,537
Distinguished Learner,1,18,N,N,"WHITE, NOT OF HISPANIC ORIGIN",5011684474,MALE,Y,8,1520,N,N,596
Developing Learner,1,7,N,Y,HISPANIC,5043895748,MALE,N,8,1055,Y,N,488
Developing Learner,1,15,N,Y,"WHITE, NOT OF HISPANIC ORIGIN",5069523783,MALE,N,8,1055,Y,N,488
Developing Learner,1,18,N,N,HISPANIC,5093955956,FEMALE,N,8,935,N,N,488
Proficient Learner,1,2,N,N,"WHITE, NOT OF HISPANIC ORIGIN",5101214027,FEMALE,N,8,1225,N,N,541
Beginning Learner,0,28,N,Y,"WHITE, NOT OF HISPANIC ORIGIN",5162437581,MALE,N,8,935,Y,Y,471
Proficient Learner,1,16,N,N,"WHITE, NOT OF HISPANIC ORIGIN",5174764698,FEMALE,N,8,1355,N,N,557
Developing Learner,1,28,N,N,"WHITE, NOT OF HISPANIC ORIGIN",5196616438,MALE,N,8,1040,N,N,502
Proficient Learner,1,7,N,N,"WHITE, NOT OF HISPANIC ORIGIN",5241751793,FEMALE,Y,8,1520,N,N,573
Developing Learner,1,4,N,N,"BLACK, NOT OF HISPANIC ORIGIN",5251908697,FEMALE,N,8,1095,Y,N,508
Developing Learner,1,2,N,Y,"WHITE, NOT OF HISPANIC ORIGIN",5286695752,MALE,N,8,1190,N,Y,523
Developing Learner,1,3,N,Y,"WHITE, NOT OF HISPANIC ORIGIN",5350517762,FEMALE,N,8,990,Y,N,496
Beginning Learner,0,10,N,N,"WHITE, NOT OF HISPANIC ORIGIN",5424745121,FEMALE,N,8,765,Y,N,451
Beginning Learner,0,16,N,Y,"WHITE, NOT OF HISPANIC ORIGIN",5479837516,FEMALE,N,8,935,Y,N,471
Proficient Learner,1,23,N,Y,"WHITE, NOT OF HISPANIC ORIGIN",5508682082,MALE,N,8,1225,N,N,528
Distinguished Learner,1,10,N,N,"WHITE, NOT OF HISPANIC ORIGIN",5571248033,FEMALE,Y,8,1520,N,N,596
Proficient Learner,1,5,N,N,"WHITE, NOT OF HISPANIC ORIGIN",5623226039,MALE,Y,8,1285,N,N,575
Developing Learner,1,17,N,N,HISPANIC,5708840692,FEMALE,N,8,1045,N,N,496
Proficient Learner,1,2,N,N,"WHITE, NOT OF HISPANIC ORIGIN",5719527478,FEMALE,Y,8,1500,N,N,590
Developing Learner,1,19,N,Y,"WHITE, NOT OF HISPANIC ORIGIN",5725004155,FEMALE,N,8,1115,Y,N,495
Proficient Learner,1,13,N,Y,"WHITE, NOT OF HISPANIC ORIGIN",5783362932,FEMALE,N,8,1325,N,N,580
Developing Learner,1,12,N,Y,"WHITE, NOT OF HISPANIC ORIGIN",5932376079,FEMALE,N,8,1095,N,N,508
Beginning Learner,0,7,N,Y,"WHITE, NOT OF HISPANIC ORIGIN",6005107232,FEMALE,N,8,960,Y,N,462
Proficient Learner,1,6,N,N,"WHITE, NOT OF HISPANIC ORIGIN",6011090818,MALE,N,8,1520,N,N,580
Developing Learner,1,33,N,Y,"WHITE, NOT OF HISPANIC ORIGIN",6201172319,MALE,N,8,1180,N,N,517
Developing Learner,1,25,N,Y,"WHITE, NOT OF HISPANIC ORIGIN",6219928563,MALE,N,8,1130,N,N,524
Proficient Learner,1,15,N,Y,"WHITE, NOT OF HISPANIC ORIGIN",6235074255,FEMALE,N,8,1305,Y,N,570
Proficient Learner,1,2,N,N,"WHITE, NOT OF HISPANIC ORIGIN",6272650901,MALE,N,8,1325,N,N,573
Distinguished Learner,1,24,N,N,"WHITE, NOT OF HISPANIC ORIGIN",6272971573,MALE,Y,8,1355,N,N,593
Proficient Learner,1,9,N,N,"WHITE, NOT OF HISPANIC ORIGIN",6273758162,MALE,N,8,1325,N,N,539
Distinguished Learner,1,7,N,N,"WHITE, NOT OF HISPANIC ORIGIN",6274055288,FEMALE,N,8,1595,N,N,601
Proficient Learner,1,20,N,N,"WHITE, NOT OF HISPANIC ORIGIN",6304150547,FEMALE,N,8,1260,N,N,532
Proficient Learner,1,14,N,Y,"WHITE, NOT OF HISPANIC ORIGIN",6319357653,FEMALE,Y,8,1290,N,N,578
Developing Learner,1,4,N,N,"WHITE, NOT OF HISPANIC ORIGIN",6413863712,FEMALE,N,8,965,N,N,488
Developing Learner,1,12,N,Y,HISPANIC,6420465845,FEMALE,N,8,1100,N,N,523
Distinguished Learner,1,1,N,N,"WHITE, NOT OF HISPANIC ORIGIN",6501484324,FEMALE,Y,8,1645,N,N,632
Distinguished Learner,1,5,N,Y,"WHITE, NOT OF HISPANIC ORIGIN",6534158671,FEMALE,N,8,1520,N,N,587
Developing Learner,1,35,N,Y,"WHITE, NOT OF HISPANIC ORIGIN",6578900438,MALE,N,8,990,Y,N,484
Developing Learner,1,0,N,N,"WHITE, NOT OF HISPANIC ORIGIN",6632095044,MALE,N,8,1040,N,N,477
Beginning Learner,0,5,N,Y,"WHITE, NOT OF HISPANIC ORIGIN",6728068942,FEMALE,N,8,845,Y,N,458
Proficient Learner,1,7,N,Y,"WHITE, NOT OF HISPANIC ORIGIN",6748500753,FEMALE,N,8,1145,N,N,526
Proficient Learner,1,4,N,N,HISPANIC,6808846049,FEMALE,Y,8,1440,N,N,580
Developing Learner,1,1,N,N,"WHITE, NOT OF HISPANIC ORIGIN",6810414886,FEMALE,N,8,1055,Y,N,495
Developing Learner,1,28,N,N,"WHITE, NOT OF HISPANIC ORIGIN",6837074519,MALE,N,8,1095,N,N,504
Developing Learner,1,15,N,N,"WHITE, NOT OF HISPANIC ORIGIN",6860983485,FEMALE,N,8,1015,N,N,500
Developing Learner,1,12,N,Y,"WHITE, NOT OF HISPANIC ORIGIN",6921346099,MALE,N,8,1040,N,Y,502
Proficient Learner,1,0,N,N,"WHITE, NOT OF HISPANIC ORIGIN",7036602554,MALE,Y,8,1285,N,N,569
Proficient Learner,1,14,N,N,"WHITE, NOT OF HISPANIC ORIGIN",7038303252,FEMALE,N,8,1225,N,N,546
Developing Learner,1,5,N,N,"WHITE, NOT OF HISPANIC ORIGIN",7038342096,MALE,N,8,1290,N,N,523
Proficient Learner,1,22,N,Y,"WHITE, NOT OF HISPANIC ORIGIN",7054385948,FEMALE,N,8,1280,N,N,554
Proficient Learner,1,9,N,N,"WHITE, NOT OF HISPANIC ORIGIN",7068019668,FEMALE,N,8,1175,N,N,560
Distinguished Learner,1,1,N,Y,"BLACK, NOT OF HISPANIC ORIGIN",7075355294,FEMALE,N,8,1600,N,N,611
Proficient Learner,1,2,N,N,"WHITE, NOT OF HISPANIC ORIGIN",7135530139,FEMALE,N,8,1225,N,N,532
Proficient Learner,1,5,N,N,"WHITE, NOT OF HISPANIC ORIGIN",7137914268,MALE,Y,8,1380,N,N,590
Developing Learner,1,0,N,Y,"WHITE, NOT OF HISPANIC ORIGIN",7327865667,MALE,N,8,1055,N,Y,491
Proficient Learner,1,9,N,N,"WHITE, NOT OF HISPANIC ORIGIN",7353815019,FEMALE,N,8,1260,N,N,546
Proficient Learner,1,19,N,N,"WHITE, NOT OF HISPANIC ORIGIN",7476455221,MALE,Y,8,1255,N,N,559
Proficient Learner,1,13,N,N,"WHITE, NOT OF HISPANIC ORIGIN",7487613916,MALE,N,8,1205,N,N,544
Distinguished Learner,1,9,N,Y,"WHITE, NOT OF HISPANIC ORIGIN",7514786155,FEMALE,Y,8,1440,N,N,617
Developing Learner,1,12,N,N,"WHITE, NOT OF HISPANIC ORIGIN",7526384251,FEMALE,N,8,1040,Y,N,506
Developing Learner,1,38,N,N,"WHITE, NOT OF HISPANIC ORIGIN",7613956609,MALE,N,8,1145,N,N,513
Beginning Learner,0,6,N,N,"WHITE, NOT OF HISPANIC ORIGIN",7678190417,MALE,N,8,935,N,Y,470
Proficient Learner,1,7,N,Y,"WHITE, NOT OF HISPANIC ORIGIN",7709337228,FEMALE,Y,8,1435,N,N,585
Proficient Learner,1,4,N,N,"WHITE, NOT OF HISPANIC ORIGIN",7749397409,MALE,N,8,1290,N,N,547
Distinguished Learner,1,2,N,Y,"WHITE, NOT OF HISPANIC ORIGIN",7795220045,FEMALE,Y,8,1700,N,N,617
Distinguished Learner,1,4,N,N,"WHITE, NOT OF HISPANIC ORIGIN",7810858297,FEMALE,Y,8,1440,N,N,617
Proficient Learner,1,22,N,N,"WHITE, NOT OF HISPANIC ORIGIN",7980366924,MALE,N,8,1330,N,N,553
Proficient Learner,1,19,N,Y,"WHITE, NOT OF HISPANIC ORIGIN",8089384412,MALE,N,8,1375,N,N,560
Distinguished Learner,1,30,N,Y,"WHITE, NOT OF HISPANIC ORIGIN",8137443002,MALE,Y,8,1665,N,N,630
Beginning Learner,0,5,N,Y,"WHITE, NOT OF HISPANIC ORIGIN",8152101809,FEMALE,N,8,930,Y,N,462
Proficient Learner,1,25,N,N,"WHITE, NOT OF HISPANIC ORIGIN",8158350275,FEMALE,N,8,1260,N,N,541
Proficient Learner,1,4,N,N,"WHITE, NOT OF HISPANIC ORIGIN",8249584775,MALE,N,8,1505,N,Y,570
Developing Learner,1,11,N,N,"WHITE, NOT OF HISPANIC ORIGIN",8257339963,MALE,N,8,1095,N,N,517
Developing Learner,1,12,N,N,"WHITE, NOT OF HISPANIC ORIGIN",8312928528,MALE,N,8,1105,N,Y,498
Developing Learner,1,3,N,N,"WHITE, NOT OF HISPANIC ORIGIN",8391093115,MALE,N,8,1305,N,N,524
Proficient Learner,1,9,N,N,"WHITE, NOT OF HISPANIC ORIGIN",8396363919,FEMALE,Y,8,1125,N,N,546
Developing Learner,1,8,N,Y,"WHITE, NOT OF HISPANIC ORIGIN",8480735112,MALE,N,8,960,N,N,477
Proficient Learner,1,3,N,N,"WHITE, NOT OF HISPANIC ORIGIN",8546307466,MALE,Y,8,1380,N,N,578
Proficient Learner,1,3,N,N,"WHITE, NOT OF HISPANIC ORIGIN",8556874811,FEMALE,N,8,1095,N,N,526
Developing Learner,1,5,N,N,"WHITE, NOT OF HISPANIC ORIGIN",8556949647,MALE,N,8,965,N,N,476
Distinguished Learner,1,2,N,N,"WHITE, NOT OF HISPANIC ORIGIN",8565646326,MALE,N,8,1435,N,N,593
Proficient Learner,1,5,N,N,"WHITE, NOT OF HISPANIC ORIGIN",8602582021,FEMALE,Y,8,1420,N,N,577
Proficient Learner,1,8,N,Y,HISPANIC,8622127648,FEMALE,N,8,1225,N,N,537
Developing Learner,1,17,N,Y,"WHITE, NOT OF HISPANIC ORIGIN",8653034053,MALE,N,8,1015,N,N,491
Beginning Learner,0,31,N,N,"WHITE, NOT OF HISPANIC ORIGIN",8713570946,FEMALE,N,8,880,N,N,467
Developing Learner,1,38,N,Y,TWO OR MORE RACES,8724026115,MALE,N,8,1100,N,N,501
Proficient Learner,1,9,N,N,HISPANIC,8752757323,FEMALE,N,8,1330,N,N,565
Distinguished Learner,1,12,N,N,"WHITE, NOT OF HISPANIC ORIGIN",8785583901,FEMALE,Y,8,1355,N,N,585
Proficient Learner,1,5,N,N,"WHITE, NOT OF HISPANIC ORIGIN",8810061324,MALE,Y,8,1500,N,N,562
Distinguished Learner,1,5,N,Y,"WHITE, NOT OF HISPANIC ORIGIN",8828448298,MALE,N,8,1435,N,N,611
Proficient Learner,1,6,N,N,"WHITE, NOT OF HISPANIC ORIGIN",8850661193,FEMALE,N,8,1440,N,N,573
Distinguished Learner,1,1,N,N,"WHITE, NOT OF HISPANIC ORIGIN",8852521534,MALE,N,8,1520,N,N,606
Developing Learner,1,2,N,N,"WHITE, NOT OF HISPANIC ORIGIN",8859701527,FEMALE,N,8,1180,N,N,504
Proficient Learner,1,0,N,N,"WHITE, NOT OF HISPANIC ORIGIN",8868821955,MALE,N,8,1420,N,N,563
Developing Learner,1,37,N,Y,"WHITE, NOT OF HISPANIC ORIGIN",8957092064,FEMALE,N,8,1190,N,N,505
Beginning Learner,0,4,N,N,"WHITE, NOT OF HISPANIC ORIGIN",8982356908,FEMALE,N,8,910,N,Y,457
Distinguished Learner,1,15,N,N,"WHITE, NOT OF HISPANIC ORIGIN",9051334842,MALE,Y,8,1375,N,N,587
Proficient Learner,1,1,N,Y,"WHITE, NOT OF HISPANIC ORIGIN",9088104196,FEMALE,Y,8,1435,N,N,559
Beginning Learner,0,16,N,N,"WHITE, NOT OF HISPANIC ORIGIN",9134691459,MALE,N,8,875,N,N,471
Developing Learner,1,11,N,Y,"WHITE, NOT OF HISPANIC ORIGIN",9185269132,FEMALE,N,8,990,Y,N,488
Developing Learner,1,3,N,N,HISPANIC,9215061681,MALE,N,8,1010,N,N,495
Proficient Learner,1,32,N,Y,"WHITE, NOT OF HISPANIC ORIGIN",9252937587,MALE,Y,8,1285,N,N,531
Beginning Learner,0,3,Y,Y,HISPANIC,9291020036,FEMALE,N,8,845,N,N,471
Distinguished Learner,1,4,N,N,"WHITE, NOT OF HISPANIC ORIGIN",9298088566,FEMALE,Y,8,1645,N,N,616
Beginning Learner,0,20,N,N,"WHITE, NOT OF HISPANIC ORIGIN",9390424718,FEMALE,N,8,935,N,N,471
Beginning Learner,0,5,N,Y,"WHITE, NOT OF HISPANIC ORIGIN",9421519297,MALE,N,8,930,N,N,471
Proficient Learner,1,11,N,Y,"WHITE, NOT OF HISPANIC ORIGIN",9439718147,MALE,N,8,1290,N,N,553
Proficient Learner,1,33,N,N,"WHITE, NOT OF HISPANIC ORIGIN",9482283136,MALE,N,8,1220,N,N,537
Proficient Learner,1,26,N,Y,"WHITE, NOT OF HISPANIC ORIGIN",9531134415,FEMALE,Y,8,1380,N,N,585
Beginning Learner,0,15,N,Y,"WHITE, NOT OF HISPANIC ORIGIN",9531372322,FEMALE,N,8,795,N,Y,457
Proficient Learner,1,5,N,Y,"WHITE, NOT OF HISPANIC ORIGIN",9556298598,FEMALE,Y,8,1330,N,N,578
Beginning Learner,0,20,N,Y,"WHITE, NOT OF HISPANIC ORIGIN",9567114706,MALE,N,8,765,Y,N,443
Proficient Learner,1,2,N,N,"WHITE, NOT OF HISPANIC ORIGIN",9593505539,FEMALE,Y,8,1225,N,N,557
Distinguished Learner,1,3,N,N,"WHITE, NOT OF HISPANIC ORIGIN",9651305942,MALE,Y,8,1595,N,N,618
Proficient Learner,1,8,N,N,"WHITE, NOT OF HISPANIC ORIGIN",9694861233,FEMALE,N,8,1280,N,N,573
Developing Learner,1,11,N,Y,"WHITE, NOT OF HISPANIC ORIGIN",9713448322,FEMALE,N,8,1125,N,N,521
Proficient Learner,1,1,N,N,"WHITE, NOT OF HISPANIC ORIGIN",9713455327,MALE,Y,8,1435,N,N,585
Beginning Learner,0,18,N,Y,"WHITE, NOT OF HISPANIC ORIGIN",9713573036,MALE,N,8,930,Y,N,458
Developing Learner,1,2,N,Y,"BLACK, NOT OF HISPANIC ORIGIN",9713673443,MALE,N,8,1045,Y,N,501
Proficient Learner,1,26,N,Y,"WHITE, NOT OF HISPANIC ORIGIN",9713713932,FEMALE,N,8,1505,N,N,563
Proficient Learner,1,3,N,N,"WHITE, NOT OF HISPANIC ORIGIN",9720110756,MALE,N,8,1250,N,N,531
Distinguished Learner,1,9,N,N,"WHITE, NOT OF HISPANIC ORIGIN",9750760468,FEMALE,Y,8,1380,N,N,593
Distinguished Learner,1,1,N,N,"WHITE, NOT OF HISPANIC ORIGIN",9779863949,FEMALE,N,8,1375,N,N,587
Developing Learner,1,27,N,Y,"WHITE, NOT OF HISPANIC ORIGIN",9887114685,MALE,N,8,1105,N,N,491
Developing Learner,1,2,N,N,"WHITE, NOT OF HISPANIC ORIGIN",9908875914,FEMALE,N,8,935,N,N,491
Developing Learner,1,29,N,N,"WHITE, NOT OF HISPANIC ORIGIN",9933136461,MALE,N,8,1175,N,N,522
Distinguished Learner,1,4,N,N,"WHITE, NOT OF HISPANIC ORIGIN",9969127733,FEMALE,Y,8,1380,N,N,593
Proficient Learner,1,11,N,Y,"WHITE, NOT OF HISPANIC ORIGIN",9988330184,FEMALE,N,8,1330,N,N,559